mean_fit_time,std_fit_time,mean_score_time,std_score_time,param_vectorizer__ngram_range,param_vectorizer__max_features,param_classifier__tol,param_classifier__max_iter,param_classifier__C,params,split0_test_score,split1_test_score,split2_test_score,split3_test_score,split4_test_score,split5_test_score,split6_test_score,split7_test_score,split8_test_score,split9_test_score,mean_test_score,std_test_score,rank_test_score
42.71018297672272,1.0449578720300918,2.575348234176636,0.051578313646698404,"(1, 3)",10000,0.0001,1000,1.0,"{'vectorizer__ngram_range': (1, 3), 'vectorizer__max_features': 10000, 'classifier__tol': 0.0001, 'classifier__max_iter': 1000, 'classifier__C': 1}",0.9520018458988315,0.9511837999437489,0.9499288901307836,0.9527005239400692,0.9516016661604275,0.9527522207846966,0.9532880987256679,0.950351738986671,0.9512944116694378,0.9511456229494284,0.9516248819189762,0.0010182123433551283,3
27.599422144889832,0.21746846442382511,2.316117548942566,0.05499112928838984,"(2, 2)",10000,0.01,100,10.0,"{'vectorizer__ngram_range': (2, 2), 'vectorizer__max_features': 10000, 'classifier__tol': 0.01, 'classifier__max_iter': 100, 'classifier__C': 10}",0.19622104769755452,0.19622104769755452,0.19622104769755452,0.19622104769755452,0.19622104769755452,0.19622104769755452,0.19622104769755452,0.19624385828807864,0.19622104769755452,0.19622104769755452,0.19622332875660695,6.843177157234149e-06,89
42.31735351085663,0.5492108592080783,2.537135696411133,0.03556229572092194,"(1, 3)",1000,0.01,100,0.1,"{'vectorizer__ngram_range': (1, 3), 'vectorizer__max_features': 1000, 'classifier__tol': 0.01, 'classifier__max_iter': 100, 'classifier__C': 0.1}",0.9007947931687305,0.8979272673865869,0.9002236608994062,0.8966171080098325,0.8998136816274074,0.9029623923940208,0.9042409127027963,0.8973927351321045,0.9006961300976486,0.902119427618842,0.9002788109037375,0.002328406500226732,42
21.71371614933014,0.23727549440660334,2.2676395177841187,0.0362105043176193,"(1, 1)",10000,0.001,1000,0.1,"{'vectorizer__ngram_range': (1, 1), 'vectorizer__max_features': 10000, 'classifier__tol': 0.001, 'classifier__max_iter': 1000, 'classifier__C': 0.1}",0.9383195267780279,0.935981730408896,0.933955550928775,0.939082028616976,0.9379535669566618,0.9374321060998643,0.9428722360193599,0.9367280242773502,0.9364342089601427,0.9370342807143928,0.9375793259760445,0.00221358935381895,17
28.568568873405457,0.36995130645688845,2.3061522483825683,0.02875769155215644,"(2, 2)",10000,0.001,500,100.0,"{'vectorizer__ngram_range': (2, 2), 'vectorizer__max_features': 10000, 'classifier__tol': 0.001, 'classifier__max_iter': 500, 'classifier__C': 100}",0.8805549760008532,0.8800001520257954,0.8688142642238423,0.8848582600143592,0.8807409926410328,0.8864225100494049,0.88482719391718,0.8760654181256742,0.8702210648626599,0.8783480368285558,0.8790852868689358,0.005653329711710372,51
21.355253911018373,0.2568330688503114,2.25072021484375,0.045574659277657366,"(1, 1)",1000,0.01,500,0.001,"{'vectorizer__ngram_range': (1, 1), 'vectorizer__max_features': 1000, 'classifier__tol': 0.01, 'classifier__max_iter': 500, 'classifier__C': 0.001}",0.820730812879158,0.819504418267933,0.8225694324888536,0.8187952623916268,0.8242905708293561,0.823687727251219,0.8264357739408729,0.8232571015972584,0.8220264844095565,0.8201927797828331,0.8221490363838667,0.0022545403391003613,60
40.660256958007814,0.47182092272129184,2.4247185468673704,0.04138792321606004,"(2, 3)",1000,0.01,1000,1.0,"{'vectorizer__ngram_range': (2, 3), 'vectorizer__max_features': 1000, 'classifier__tol': 0.01, 'classifier__max_iter': 1000, 'classifier__C': 1}",0.19622104769755452,0.19622104769755452,0.19622104769755452,0.19622104769755452,0.19622104769755452,0.19622104769755452,0.19622104769755452,0.19624385828807864,0.19622104769755452,0.19622104769755452,0.19622332875660695,6.843177157234149e-06,89
29.436925840377807,0.2957405318324598,2.4690072774887084,0.020660317338068536,"(1, 2)",50000,0.01,500,0.001,"{'vectorizer__ngram_range': (1, 2), 'vectorizer__max_features': 50000, 'classifier__tol': 0.01, 'classifier__max_iter': 500, 'classifier__C': 0.001}",0.5569908329501572,0.5521721608499571,0.5457157649704223,0.5575165374183163,0.5513865286060152,0.5601287112412775,0.5564341993642713,0.5480956970653962,0.5536745805464965,0.5563090090447997,0.5538424022057109,0.0042854074131947134,84
21.411020708084106,0.14914129566526027,2.2541583776474,0.043882796149709864,"(1, 1)",10000,0.001,500,0.001,"{'vectorizer__ngram_range': (1, 1), 'vectorizer__max_features': 10000, 'classifier__tol': 0.001, 'classifier__max_iter': 500, 'classifier__C': 0.001}",0.7293762029087221,0.7252889009579565,0.718976583693729,0.7246345786983054,0.7340007895463144,0.7273931635823095,0.7327598225160558,0.7285930461708404,0.726810715233265,0.725940487004474,0.7273774290311972,0.0040392756840946335,64
40.74083395004273,0.5747801890436454,2.4463598012924193,0.025568273743747635,"(2, 3)",1000,0.01,100,0.001,"{'vectorizer__ngram_range': (2, 3), 'vectorizer__max_features': 1000, 'classifier__tol': 0.01, 'classifier__max_iter': 100, 'classifier__C': 0.001}",0.19622104769755452,0.19622104769755452,0.19622104769755452,0.19622104769755452,0.19622104769755452,0.19622104769755452,0.19622104769755452,0.19624385828807864,0.19622104769755452,0.19622104769755452,0.19622332875660695,6.843177157234149e-06,89
29.62076358795166,0.2970744643029227,2.384797978401184,0.025302973084862228,"(1, 2)",1000,0.001,100,100.0,"{'vectorizer__ngram_range': (1, 2), 'vectorizer__max_features': 1000, 'classifier__tol': 0.001, 'classifier__max_iter': 100, 'classifier__C': 100}",0.9281696968363337,0.9329570020993226,0.927367302873544,0.9324851381626824,0.9331005553376729,0.9325916525910681,0.9312600791786415,0.9322176750899054,0.9314393096571664,0.9309917484317932,0.931258016025813,0.0018779243823525886,24
27.72053282260895,0.2782779262804978,2.326517605781555,0.0314157214750603,"(2, 2)",50000,0.01,500,0.1,"{'vectorizer__ngram_range': (2, 2), 'vectorizer__max_features': 50000, 'classifier__tol': 0.01, 'classifier__max_iter': 500, 'classifier__C': 0.1}",0.19622104769755452,0.19622104769755452,0.19622104769755452,0.19622104769755452,0.19622104769755452,0.19622104769755452,0.19622104769755452,0.19624385828807864,0.19622104769755452,0.19622104769755452,0.19622332875660695,6.843177157234149e-06,89
31.00470495223999,0.5655969455531124,2.4047443151473997,0.04752657672280588,"(1, 2)",10000,0.0001,100,10.0,"{'vectorizer__ngram_range': (1, 2), 'vectorizer__max_features': 10000, 'classifier__tol': 0.0001, 'classifier__max_iter': 100, 'classifier__C': 10}",0.9525848073472339,0.9473572702625361,0.9482422163838581,0.9526727007888693,0.9487830805936941,0.9514528085537286,0.950205713489246,0.9475536732130866,0.9488408259391231,0.9485228189622769,0.9496215915533652,0.0018870765579494248,4
29.288542771339415,0.3131778721503548,2.380543899536133,0.038173400500590114,"(1, 2)",1000,0.01,500,0.1,"{'vectorizer__ngram_range': (1, 2), 'vectorizer__max_features': 1000, 'classifier__tol': 0.01, 'classifier__max_iter': 500, 'classifier__C': 0.1}",0.9006428958367539,0.8979160095083908,0.9002056943734456,0.8966171080098325,0.8999723950419073,0.9029623923940208,0.9043731767958985,0.8974720814470549,0.9008438324119128,0.9020335206074418,0.9003039106426657,0.00233361994463196,41
40.747323513031006,0.7000786801357602,2.494521689414978,0.04145755825426578,"(2, 3)",50000,0.01,500,0.01,"{'vectorizer__ngram_range': (2, 3), 'vectorizer__max_features': 50000, 'classifier__tol': 0.01, 'classifier__max_iter': 500, 'classifier__C': 0.01}",0.19622104769755452,0.19622104769755452,0.19622104769755452,0.19622104769755452,0.19622104769755452,0.19622104769755452,0.19622104769755452,0.19624385828807864,0.19622104769755452,0.19622104769755452,0.19622332875660695,6.843177157234149e-06,89
29.462893581390382,0.22658609339371505,2.393826150894165,0.045189471928737034,"(1, 2)",500,0.01,1000,1.0,"{'vectorizer__ngram_range': (1, 2), 'vectorizer__max_features': 500, 'classifier__tol': 0.01, 'classifier__max_iter': 1000, 'classifier__C': 1}",0.8931069983298014,0.8893346873901523,0.892117050356628,0.8909233635175441,0.8921742371457051,0.8966275518403264,0.8961935473839943,0.8889420247428438,0.8941917051270507,0.8929180420545189,0.8926529207888564,0.002434484493221718,46
29.39429178237915,0.3096687508019671,2.375862193107605,0.03591561787156479,"(1, 2)",500,0.01,1000,100.0,"{'vectorizer__ngram_range': (1, 2), 'vectorizer__max_features': 500, 'classifier__tol': 0.01, 'classifier__max_iter': 1000, 'classifier__C': 100}",0.8931221782915081,0.8895084340876052,0.892257826437539,0.8912768473694462,0.8920319726029545,0.8968064821778152,0.8959893720272815,0.8888177227584672,0.8942069288622467,0.8927742009361443,0.8926791965551008,0.0024095377624697256,44
42.64070188999176,0.7096558794449805,2.516337776184082,0.05619727360096974,"(1, 3)",1000,0.001,1000,100.0,"{'vectorizer__ngram_range': (1, 3), 'vectorizer__max_features': 1000, 'classifier__tol': 0.001, 'classifier__max_iter': 1000, 'classifier__C': 100}",0.9282653585764207,0.9336624456057016,0.9270254936796078,0.9324851381626824,0.9335409933795803,0.9326710154457363,0.9312366404841494,0.9336142878972318,0.9314790379494603,0.9309803858519224,0.9314960797032492,0.002155865659714172,23
40.594962215423585,0.5105077253779376,2.4376367568969726,0.028767693348273483,"(2, 3)",10000,0.001,500,0.01,"{'vectorizer__ngram_range': (2, 3), 'vectorizer__max_features': 10000, 'classifier__tol': 0.001, 'classifier__max_iter': 500, 'classifier__C': 0.01}",0.7276369731943042,0.7157649777991716,0.7161819631714668,0.7180776775533754,0.7228132640139716,0.7271661232790706,0.7208151339411132,0.7170629526268604,0.7229472405610222,0.7246143998787912,0.7213080706019147,0.004194739508861275,67
42.33265442848206,0.5285676284446253,2.5319886922836305,0.05234695824205925,"(1, 3)",1000,0.0001,500,0.001,"{'vectorizer__ngram_range': (1, 3), 'vectorizer__max_features': 1000, 'classifier__tol': 0.0001, 'classifier__max_iter': 500, 'classifier__C': 0.001}",0.8247063291130022,0.8224804634144482,0.8244648197932167,0.8203288323641701,0.8261611342169582,0.8278303227158806,0.832004789039475,0.824924852143272,0.8235505925472966,0.8229084909678409,0.824936062631556,0.003056248031328961,59
29.625907254219054,0.32233188213469854,2.406504201889038,0.04370908204676988,"(1, 2)",10000,0.001,1000,1.0,"{'vectorizer__ngram_range': (1, 2), 'vectorizer__max_features': 10000, 'classifier__tol': 0.001, 'classifier__max_iter': 1000, 'classifier__C': 1}",0.9487262843294206,0.9470503954120179,0.9437832800906633,0.9505469218714947,0.9472162729949289,0.9497691715273456,0.950169492068643,0.9462694459778862,0.9475664688618424,0.9472848214954667,0.947838255462971,0.0019385639317157464,7
42.46681137084961,0.7159655150509678,2.5787420988082888,0.07433965844830967,"(1, 3)",10000,0.0001,1000,0.001,"{'vectorizer__ngram_range': (1, 3), 'vectorizer__max_features': 10000, 'classifier__tol': 0.0001, 'classifier__max_iter': 1000, 'classifier__C': 0.001}",0.6933523667305109,0.6899150937382575,0.6843085876440268,0.6919931823440049,0.6951665772845642,0.6936724944612399,0.6964270528829101,0.6882234603547716,0.6898375454160285,0.6916373745980969,0.6914533735454411,0.0033740006068133086,75
28.27224454879761,0.25729543706109775,2.3091217041015626,0.03591897303861719,"(2, 2)",10000,0.001,100,0.1,"{'vectorizer__ngram_range': (2, 2), 'vectorizer__max_features': 10000, 'classifier__tol': 0.001, 'classifier__max_iter': 100, 'classifier__C': 0.1}",0.8621214966816328,0.8487258208609129,0.8434619465094002,0.8542356476187326,0.8483540697538162,0.8595766018411806,0.851601435961152,0.8459874548025273,0.8501104374916189,0.8493968252174772,0.851357173673845,0.005516188776905871,54
40.800337243080136,0.7169972267694266,2.458791399002075,0.04050751443576601,"(2, 3)",10000,0.0001,500,0.001,"{'vectorizer__ngram_range': (2, 3), 'vectorizer__max_features': 10000, 'classifier__tol': 0.0001, 'classifier__max_iter': 500, 'classifier__C': 0.001}",0.276565988850831,0.27257690175523597,0.2716495466479087,0.27435879716943695,0.2705587663285722,0.2758043464450515,0.2735262254026069,0.26927607561830036,0.27128803616624036,0.26935929493361604,0.27249639793178,0.0024121204888543544,87
40.670327353477475,0.6368829861302615,2.4335967302322388,0.0716116015640132,"(2, 3)",500,0.001,500,0.01,"{'vectorizer__ngram_range': (2, 3), 'vectorizer__max_features': 500, 'classifier__tol': 0.001, 'classifier__max_iter': 500, 'classifier__C': 0.01}",0.6794247576143029,0.6648235329080431,0.6697668446020578,0.672424232013071,0.6746550359393287,0.6780150954179119,0.6729624189970255,0.6714245955298255,0.676310888555141,0.6768189559884187,0.6736626357565126,0.0041285119729271205,77
28.908173441886902,0.4183044838733828,2.304456281661987,0.04412360538736808,"(2, 2)",1000,0.0001,500,1.0,"{'vectorizer__ngram_range': (2, 2), 'vectorizer__max_features': 1000, 'classifier__tol': 0.0001, 'classifier__max_iter': 500, 'classifier__C': 1}",0.7824989680471793,0.7737693260951216,0.7765222882767232,0.7699325322874286,0.7734057243164977,0.7823936449357255,0.7793841204505026,0.7742349437923077,0.77189861703161,0.7769123784956123,0.7760952543728709,0.004050174571279242,61
43.28390107154846,0.8649990877109296,2.5112590312957765,0.03675952613080507,"(1, 3)",500,0.0001,100,10.0,"{'vectorizer__ngram_range': (1, 3), 'vectorizer__max_features': 500, 'classifier__tol': 0.0001, 'classifier__max_iter': 100, 'classifier__C': 10}",0.9262963167710964,0.9259409623908942,0.9248498003956739,0.9278451476864071,0.9268018504217915,0.9306247128490086,0.9289478940657729,0.9255066665908752,0.9262601244097697,0.9292924819504798,0.9272365957531769,0.0017719937931013991,27
29.75529203414917,0.40427432560915133,2.423098349571228,0.044297860042770414,"(1, 2)",10000,0.001,500,100.0,"{'vectorizer__ngram_range': (1, 2), 'vectorizer__max_features': 10000, 'classifier__tol': 0.001, 'classifier__max_iter': 500, 'classifier__C': 100}",0.9498247490420125,0.9461437370938622,0.9437645069157234,0.9506718536537903,0.9480111941678722,0.950986053585828,0.950049749547782,0.9456450625690591,0.948023299513232,0.9475453932610239,0.9480665599350185,0.002251230272568925,6
27.967002844810487,0.33683768049396795,2.284945774078369,0.03193875339364084,"(2, 2)",500,0.0001,100,0.01,"{'vectorizer__ngram_range': (2, 2), 'vectorizer__max_features': 500, 'classifier__tol': 0.0001, 'classifier__max_iter': 100, 'classifier__C': 0.01}",0.6842686689901085,0.6706090138817312,0.6752137703916242,0.6772298969674208,0.6810684318807657,0.6841320705624246,0.6788170125358878,0.6765864160642171,0.6827552033320967,0.6830707694840509,0.6793751254090328,0.004258841114909236,76
27.618200635910036,0.3327153985206031,2.3409169912338257,0.043200860873368614,"(2, 2)",50000,0.01,100,0.1,"{'vectorizer__ngram_range': (2, 2), 'vectorizer__max_features': 50000, 'classifier__tol': 0.01, 'classifier__max_iter': 100, 'classifier__C': 0.1}",0.19622104769755452,0.19622104769755452,0.19622104769755452,0.19622104769755452,0.19622104769755452,0.19622104769755452,0.19622104769755452,0.19624385828807864,0.19622104769755452,0.19622104769755452,0.19622332875660695,6.843177157234149e-06,89
29.981164479255675,0.5044813860453102,2.4076823711395265,0.03381930327249343,"(1, 2)",10000,0.0001,500,0.01,"{'vectorizer__ngram_range': (1, 2), 'vectorizer__max_features': 10000, 'classifier__tol': 0.0001, 'classifier__max_iter': 500, 'classifier__C': 0.01}",0.90977570306988,0.9077409642490354,0.9076017252382508,0.9074211039178951,0.9096852213682638,0.9119085724061003,0.9130086928216334,0.9078932475240116,0.910084457270289,0.9107950358295286,0.9095914723694888,0.0018373518424711704,34
40.74265725612641,0.7139553584736211,2.4317304134368896,0.03917410032723163,"(2, 3)",1000,0.001,100,1.0,"{'vectorizer__ngram_range': (2, 3), 'vectorizer__max_features': 1000, 'classifier__tol': 0.001, 'classifier__max_iter': 100, 'classifier__C': 1}",0.7784417379024968,0.7682151429438813,0.7679637898630767,0.7630297542501004,0.7684034704314673,0.7749626786768319,0.7717810960328823,0.7695245326800539,0.7671110335965245,0.774080468768359,0.7703513705145675,0.004260473324516733,62
29.412371897697447,0.5204454207735709,2.375253176689148,0.04757273356955006,"(1, 2)",10000,0.001,500,0.1,"{'vectorizer__ngram_range': (1, 2), 'vectorizer__max_features': 10000, 'classifier__tol': 0.001, 'classifier__max_iter': 500, 'classifier__C': 0.1}",0.9371594975938411,0.9370310401003143,0.9366242919433256,0.9416360857013383,0.9377094951675956,0.9410018584775625,0.941708220390557,0.9376172903741508,0.9386332020515255,0.9382360424865387,0.938735702428675,0.0018653689239446175,15
30.303200912475585,0.42742494844869205,2.455703592300415,0.03263224898436876,"(1, 2)",50000,0.001,1000,100.0,"{'vectorizer__ngram_range': (1, 2), 'vectorizer__max_features': 50000, 'classifier__tol': 0.001, 'classifier__max_iter': 1000, 'classifier__C': 100}",0.9462221939435672,0.948461309386722,0.9445054172238762,0.9513071588219847,0.9448266649630508,0.95132891270117,0.9467312388751515,0.9441127006560709,0.9470221056809552,0.9456928310183974,0.9470210533270947,0.0024716657361488464,9
28.04639928340912,0.426501327815332,2.290446639060974,0.05426969478282694,"(2, 2)",1000,0.0001,500,0.01,"{'vectorizer__ngram_range': (2, 2), 'vectorizer__max_features': 1000, 'classifier__tol': 0.0001, 'classifier__max_iter': 500, 'classifier__C': 0.01}",0.7227154013939452,0.7101680998555545,0.7099053018479692,0.7162560398429862,0.7161675209974515,0.7273203998016854,0.717331490747041,0.7157168852931785,0.7183331901715152,0.7223604907759688,0.7176274820727295,0.005155227967417998,70
21.68733756542206,0.3371028239348951,2.265289807319641,0.043022236752644445,"(1, 1)",50000,0.001,1000,1.0,"{'vectorizer__ngram_range': (1, 1), 'vectorizer__max_features': 50000, 'classifier__tol': 0.001, 'classifier__max_iter': 1000, 'classifier__C': 1}",0.9446667127346133,0.9430402235248486,0.9393615124880075,0.9460703446544093,0.9442912985603303,0.9453277121461525,0.9456454945918743,0.9428903087917027,0.9438540988785314,0.9421237860155727,0.9437271492386043,0.001890801476525682,13
40.227342581748964,0.4353148975195583,2.4096396923065186,0.05222570811066476,"(2, 3)",1000,0.001,1000,0.01,"{'vectorizer__ngram_range': (2, 3), 'vectorizer__max_features': 1000, 'classifier__tol': 0.001, 'classifier__max_iter': 1000, 'classifier__C': 0.01}",0.7177018280957949,0.705477959981232,0.7047484323011194,0.7100905192532448,0.7125345462575337,0.7210646103796933,0.712590794599508,0.7101841538092634,0.7166127265265905,0.7175664904493808,0.7128572061653362,0.005121459508496079,73
40.55681540966034,0.9811512966315705,2.4786069869995115,0.05288756692728375,"(2, 3)",50000,0.01,1000,100.0,"{'vectorizer__ngram_range': (2, 3), 'vectorizer__max_features': 50000, 'classifier__tol': 0.01, 'classifier__max_iter': 1000, 'classifier__C': 100}",0.19622104769755452,0.19622104769755452,0.19622104769755452,0.19622104769755452,0.19622104769755452,0.19622104769755452,0.19622104769755452,0.19624385828807864,0.19622104769755452,0.19622104769755452,0.19622332875660695,6.843177157234149e-06,89
21.160298824310303,0.31211808295723165,2.2219346523284913,0.05233683061611131,"(1, 1)",500,0.01,1000,0.01,"{'vectorizer__ngram_range': (1, 1), 'vectorizer__max_features': 500, 'classifier__tol': 0.01, 'classifier__max_iter': 1000, 'classifier__C': 0.01}",0.8870540882142115,0.8837295762395031,0.8851091417261707,0.8841746979182122,0.8859110014344909,0.8900973756271683,0.8917220309655702,0.8840667864359048,0.8868377467239218,0.8872437071423378,0.8865946152427491,0.00249759078232938,48
27.427354502677918,0.7587337661984745,2.287825512886047,0.03738943920336299,"(2, 2)",10000,0.01,100,0.01,"{'vectorizer__ngram_range': (2, 2), 'vectorizer__max_features': 10000, 'classifier__tol': 0.01, 'classifier__max_iter': 100, 'classifier__C': 0.01}",0.19622104769755452,0.19622104769755452,0.19622104769755452,0.19622104769755452,0.19622104769755452,0.19622104769755452,0.19622104769755452,0.19624385828807864,0.19622104769755452,0.19622104769755452,0.19622332875660695,6.843177157234149e-06,89
39.70057556629181,2.145935102149254,2.398948550224304,0.05736624244785202,"(2, 3)",500,0.01,1000,1.0,"{'vectorizer__ngram_range': (2, 3), 'vectorizer__max_features': 500, 'classifier__tol': 0.01, 'classifier__max_iter': 1000, 'classifier__C': 1}",0.6705480903370497,0.6578843275549539,0.6620216420225473,0.6645885451698224,0.66494652864346,0.673384143951483,0.6652618072896574,0.6590813929372793,0.6642325643925747,0.6668756349562265,0.6648824677255053,0.0044701008847948245,80
40.08085525035858,2.071424796020882,2.4624207496643065,0.03495119691620194,"(2, 3)",50000,0.0001,100,0.01,"{'vectorizer__ngram_range': (2, 3), 'vectorizer__max_features': 50000, 'classifier__tol': 0.0001, 'classifier__max_iter': 100, 'classifier__C': 0.01}",0.6288174259564956,0.620636373468651,0.6183503295671763,0.6180192261908833,0.6237505628619971,0.6309258681505014,0.6217385567496035,0.6198332718655672,0.6240293260010308,0.624144518720308,0.6230245459532214,0.0040400775337872214,83
42.04092817306518,2.0674858428309486,2.5175103664398195,0.04033450587681753,"(1, 3)",500,0.01,500,0.1,"{'vectorizer__ngram_range': (1, 3), 'vectorizer__max_features': 500, 'classifier__tol': 0.01, 'classifier__max_iter': 500, 'classifier__C': 0.1}",0.8927580933500169,0.8893996547523999,0.891274044301401,0.8903221771835037,0.8915282886224833,0.896490284864598,0.8953276071654184,0.8881436080397149,0.8932805015664087,0.8922227748278964,0.8920747034673842,0.0024216111786717386,47
21.07550456523895,0.3328733586139195,2.251237988471985,0.0553358420589004,"(1, 1)",50000,0.01,500,0.01,"{'vectorizer__ngram_range': (1, 1), 'vectorizer__max_features': 50000, 'classifier__tol': 0.01, 'classifier__max_iter': 500, 'classifier__C': 0.01}",0.885187395956021,0.8831423775652015,0.88517394811156,0.8816180948815912,0.8828444429934361,0.8887108862000709,0.8894643541199984,0.8829806429845921,0.887296562717426,0.8848938076857046,0.8851312513215601,0.002499839783295218,49
41.5735809803009,2.1623088522340534,2.5202609062194825,0.05322513381714159,"(1, 3)",10000,0.001,100,1.0,"{'vectorizer__ngram_range': (1, 3), 'vectorizer__max_features': 10000, 'classifier__tol': 0.001, 'classifier__max_iter': 100, 'classifier__C': 1}",0.9497885733287651,0.944405450998036,0.9411769275975074,0.9509635395268116,0.9493061276809976,0.9525119671706036,0.9513338696255831,0.9449172275530318,0.9456556022791415,0.9466283678093103,0.9476687653569786,0.0034701449851136704,8
29.192613673210143,0.9381104262488358,2.3890149354934693,0.08624657828218744,"(1, 2)",500,0.01,1000,10.0,"{'vectorizer__ngram_range': (1, 2), 'vectorizer__max_features': 500, 'classifier__tol': 0.01, 'classifier__max_iter': 1000, 'classifier__C': 10}",0.8930365273802275,0.8895084340876052,0.8921966626276775,0.8913370006745679,0.8920319726029545,0.8968064821778152,0.8959893720272815,0.8887380981412761,0.8942069288622467,0.892846364437535,0.8926697843019186,0.0024190840773852607,45
27.368404269218445,0.9684679976137085,2.275559139251709,0.05471731514787857,"(2, 2)",500,0.01,1000,100.0,"{'vectorizer__ngram_range': (2, 2), 'vectorizer__max_features': 500, 'classifier__tol': 0.01, 'classifier__max_iter': 1000, 'classifier__C': 100}",0.6726983982685916,0.6617660446205179,0.6644029910299657,0.6677001811498178,0.6697904282636701,0.6758672702806403,0.6706141044488563,0.6621896697990485,0.6692986219710283,0.6712841655179846,0.6685611875350121,0.004347199243942603,78
28.40785856246948,0.7846008475536396,2.3175273656845095,0.03983071203928364,"(2, 2)",10000,0.001,1000,10.0,"{'vectorizer__ngram_range': (2, 2), 'vectorizer__max_features': 10000, 'classifier__tol': 0.001, 'classifier__max_iter': 1000, 'classifier__C': 10}",0.8823725803541924,0.8812319218825868,0.8775085785576616,0.8851201856435256,0.8757188279054661,0.8800473702586316,0.8874101204199175,0.8676232280551227,0.884230567506985,0.8777422187962144,0.8799005599380303,0.005374864573950527,50
27.16541259288788,1.0330049839502624,2.2918292760848997,0.06152591571526261,"(2, 2)",10000,0.01,1000,0.001,"{'vectorizer__ngram_range': (2, 2), 'vectorizer__max_features': 10000, 'classifier__tol': 0.01, 'classifier__max_iter': 1000, 'classifier__C': 0.001}",0.19622104769755452,0.19622104769755452,0.19622104769755452,0.19622104769755452,0.19622104769755452,0.19622104769755452,0.19622104769755452,0.19624385828807864,0.19622104769755452,0.19622104769755452,0.19622332875660695,6.843177157234149e-06,89
42.55363812446594,2.14147906122978,2.4158122301101685,0.07268355930059868,"(2, 3)",10000,0.0001,500,10.0,"{'vectorizer__ngram_range': (2, 3), 'vectorizer__max_features': 10000, 'classifier__tol': 0.0001, 'classifier__max_iter': 500, 'classifier__C': 10}",0.8817593704663524,0.8741592252174732,0.8770452641311351,0.8790849666918369,0.8758309571733487,0.8813508107280524,0.8817008808742544,0.8754315386587642,0.880968182805853,0.8790349927304931,0.8786366189477564,0.002702364983411809,52
40.39943382740021,1.8414094975193418,2.407585620880127,0.03844119501472674,"(2, 3)",500,0.001,500,100.0,"{'vectorizer__ngram_range': (2, 3), 'vectorizer__max_features': 500, 'classifier__tol': 0.001, 'classifier__max_iter': 500, 'classifier__C': 100}",0.7298568747060373,0.7164513642976736,0.716018703935308,0.7137854447524248,0.7188953392542426,0.7194472541294837,0.7223028136682926,0.7191682541626214,0.7199462452592248,0.7162406018721988,0.7192112896037508,0.004238609298480542,69
42.10771269798279,1.8314772448991097,2.516956639289856,0.058242872554374464,"(1, 3)",500,0.01,100,0.001,"{'vectorizer__ngram_range': (1, 3), 'vectorizer__max_features': 500, 'classifier__tol': 0.01, 'classifier__max_iter': 100, 'classifier__C': 0.001}",0.8319678977930289,0.831032451004658,0.8333043038223442,0.8301614877478071,0.8340913135222744,0.8364984116442692,0.8393277782844878,0.834768368532583,0.8337289782258209,0.8316206571727225,0.8336501647749996,0.002605587164163791,56
21.244632601737976,0.32662794233480064,2.2368024587631226,0.03492589839548769,"(1, 1)",50000,0.0001,100,0.001,"{'vectorizer__ngram_range': (1, 1), 'vectorizer__max_features': 50000, 'classifier__tol': 0.0001, 'classifier__max_iter': 100, 'classifier__C': 0.001}",0.7009208373154535,0.6969778449668089,0.6903680611611384,0.6976053149029724,0.7061538797719199,0.704180703686813,0.7107506250679155,0.6998446410808299,0.7007187169952793,0.7018326051025335,0.7009353230051665,0.005239899088395756,74
40.389381766319275,1.7305565452032625,2.420573425292969,0.03666192817909863,"(2, 3)",10000,0.001,500,1.0,"{'vectorizer__ngram_range': (2, 3), 'vectorizer__max_features': 10000, 'classifier__tol': 0.001, 'classifier__max_iter': 500, 'classifier__C': 1}",0.871156561727603,0.8731694269517608,0.8752513005537653,0.8688739954174626,0.8651828752174637,0.8790242099203716,0.8829418098739326,0.8702029816089359,0.8777246837170579,0.8744471993855152,0.8737975044373869,0.004976319600323058,53
40.13640730381012,1.8828761367769848,2.446782445907593,0.0329489778850928,"(2, 3)",50000,0.001,100,0.01,"{'vectorizer__ngram_range': (2, 3), 'vectorizer__max_features': 50000, 'classifier__tol': 0.001, 'classifier__max_iter': 100, 'classifier__C': 0.01}",0.6286766519986006,0.6214722548835966,0.6181964190885051,0.6184754374451664,0.6235892954859713,0.6312759912642858,0.6232884434463083,0.6198621609155991,0.6247530671668416,0.6249976524886492,0.6234587374183524,0.004022840203442368,82
39.73605263233185,2.0667378198284054,2.4280282497406005,0.07140866314902403,"(2, 3)",500,0.001,500,0.001,"{'vectorizer__ngram_range': (2, 3), 'vectorizer__max_features': 500, 'classifier__tol': 0.001, 'classifier__max_iter': 500, 'classifier__C': 0.001}",0.44554316136320976,0.4488034803405451,0.4383490834974391,0.44522321726410813,0.4499952038621294,0.45515725055040906,0.44786395169048054,0.4479142170066462,0.4486108319067221,0.44346722429240987,0.44709276217740984,0.004188718858673673,85
28.8449786901474,0.9778067472459677,2.2685516595840456,0.0389807495787095,"(2, 2)",500,0.0001,500,10.0,"{'vectorizer__ngram_range': (2, 2), 'vectorizer__max_features': 500, 'classifier__tol': 0.0001, 'classifier__max_iter': 500, 'classifier__C': 10}",0.7341450406915605,0.7208557983085188,0.7186730112683882,0.7195843101062622,0.7246115516529805,0.7238580418282808,0.7274901480100153,0.7228263918711315,0.7259841889122794,0.7262847569956526,0.724431323964507,0.004265352674263475,65
29.602279233932496,0.4701543580458893,2.371885633468628,0.04283154930160943,"(1, 2)",500,0.0001,100,0.1,"{'vectorizer__ngram_range': (1, 2), 'vectorizer__max_features': 500, 'classifier__tol': 0.0001, 'classifier__max_iter': 100, 'classifier__C': 0.1}",0.92446966375093,0.9236921035368524,0.9209194805352179,0.9249039810484567,0.9237118838372963,0.9283204321370891,0.9244123630790105,0.9203590950918762,0.9265720435252196,0.9250906193390277,0.9242451665880976,0.002236097821926685,29
40.04461452960968,1.5420600639782422,2.415875506401062,0.036377166912914365,"(2, 3)",500,0.001,100,0.001,"{'vectorizer__ngram_range': (2, 3), 'vectorizer__max_features': 500, 'classifier__tol': 0.001, 'classifier__max_iter': 100, 'classifier__C': 0.001}",0.44554316136320976,0.4488034803405451,0.4383490834974391,0.44522321726410813,0.4499952038621294,0.45515725055040906,0.44786395169048054,0.4479142170066462,0.4486108319067221,0.44346722429240987,0.44709276217740984,0.004188718858673673,85
40.46011869907379,1.5669944894270342,2.4457852125167845,0.05346086430355166,"(2, 3)",10000,0.0001,100,0.001,"{'vectorizer__ngram_range': (2, 3), 'vectorizer__max_features': 10000, 'classifier__tol': 0.0001, 'classifier__max_iter': 100, 'classifier__C': 0.001}",0.276565988850831,0.27257690175523597,0.2716495466479087,0.27435879716943695,0.2705587663285722,0.2758043464450515,0.2735262254026069,0.26927607561830036,0.27128803616624036,0.26935929493361604,0.27249639793178,0.0024121204888543544,87
20.991882920265198,0.39693144915468825,2.249336051940918,0.05644485147658477,"(1, 1)",10000,0.01,1000,0.001,"{'vectorizer__ngram_range': (1, 1), 'vectorizer__max_features': 10000, 'classifier__tol': 0.01, 'classifier__max_iter': 1000, 'classifier__C': 0.001}",0.7228482209439108,0.7207736895801348,0.7144828594694088,0.7214623633569252,0.7285449330579716,0.722351736154502,0.7274312860193826,0.7228085202405256,0.7214659605000517,0.7196169595146634,0.7221786528837477,0.0037118340804126854,66
22.014234638214113,0.4193731294662075,2.2641682863235473,0.04756001887082417,"(1, 1)",50000,0.0001,500,0.01,"{'vectorizer__ngram_range': (1, 1), 'vectorizer__max_features': 50000, 'classifier__tol': 0.0001, 'classifier__max_iter': 500, 'classifier__C': 0.01}",0.9068921983938111,0.904516976765468,0.9036350856239492,0.9037247920718813,0.9055353773541001,0.910020406652916,0.9096391317807614,0.9054232478765306,0.9073269083854686,0.9081708356088543,0.906488496051374,0.002186484922881714,37
21.408147048950195,0.4248607448284581,2.244261050224304,0.048933922281611995,"(1, 1)",1000,0.01,500,100.0,"{'vectorizer__ngram_range': (1, 1), 'vectorizer__max_features': 1000, 'classifier__tol': 0.01, 'classifier__max_iter': 500, 'classifier__C': 100}",0.9025532887918227,0.8984970539650504,0.9019456728889033,0.8996352803016731,0.9014562380679348,0.9042683149930041,0.9057642958004725,0.8999987538420183,0.9034262766120899,0.9024235420521055,0.9019968717315073,0.002097641630154714,38
40.19733381271362,1.9071121238086095,2.4487682819366454,0.05944171956753132,"(2, 3)",10000,0.001,500,0.1,"{'vectorizer__ngram_range': (2, 3), 'vectorizer__max_features': 10000, 'classifier__tol': 0.001, 'classifier__max_iter': 500, 'classifier__C': 0.1}",0.8503831771784691,0.8425280663693707,0.8430425529028582,0.8542088830523622,0.8476231027046793,0.8526769198549018,0.8501042338274297,0.8495530566991837,0.8479779672686371,0.8471889634752369,0.848528692333313,0.0035421268676509065,55
28.94268877506256,0.8757512473229093,2.352657198905945,0.04007997523645011,"(1, 2)",1000,0.001,1000,0.1,"{'vectorizer__ngram_range': (1, 2), 'vectorizer__max_features': 1000, 'classifier__tol': 0.001, 'classifier__max_iter': 1000, 'classifier__C': 0.1}",0.9276685565465684,0.9310096108977003,0.9283664551477501,0.9307248447810689,0.9277077495069999,0.9314285753300474,0.9296388345339294,0.9309368536690567,0.9333186845036102,0.9300604524851875,0.930086061740192,0.0016998659263561039,25
29.50082926750183,0.7538538524598251,2.409867858886719,0.04325790306719045,"(1, 2)",50000,0.001,100,0.1,"{'vectorizer__ngram_range': (1, 2), 'vectorizer__max_features': 50000, 'classifier__tol': 0.001, 'classifier__max_iter': 100, 'classifier__C': 0.1}",0.9378164445474857,0.9233138566799047,0.922970361574544,0.9260038222153687,0.9266976624048304,0.9287279927306474,0.938814742332157,0.9354952384172623,0.9293219531678055,0.9269237958747482,0.9296085869944755,0.0054772079820686135,26
21.151551485061646,0.30304104702783685,2.214472246170044,0.038183061011906695,"(1, 1)",500,0.01,500,100.0,"{'vectorizer__ngram_range': (1, 1), 'vectorizer__max_features': 500, 'classifier__tol': 0.01, 'classifier__max_iter': 500, 'classifier__C': 100}",0.8957132964566051,0.8907599603626899,0.8948417406859424,0.8932058559445085,0.8945242262159444,0.8987892541643351,0.8982993849832224,0.8916775536301893,0.8972223455013314,0.8954161014109103,0.895044971935568,0.00251658222572156,43
27.38323950767517,0.6546687686989637,2.261131191253662,0.0435160580999548,"(2, 2)",1000,0.001,1000,0.01,"{'vectorizer__ngram_range': (2, 2), 'vectorizer__max_features': 1000, 'classifier__tol': 0.001, 'classifier__max_iter': 1000, 'classifier__C': 0.01}",0.7216064197002997,0.7070714528009217,0.7069211830410427,0.7160817367538929,0.7151333176785831,0.7229919337125289,0.7170045701250377,0.7155714128351804,0.7149277898340923,0.7197027686652698,0.715701258514685,0.0050831219174025805,72
27.221300530433655,0.6191324264563557,2.271355962753296,0.027227287722981885,"(2, 2)",1000,0.01,100,100.0,"{'vectorizer__ngram_range': (2, 2), 'vectorizer__max_features': 1000, 'classifier__tol': 0.01, 'classifier__max_iter': 100, 'classifier__C': 100}",0.19622104769755452,0.6943822216975079,0.6969588582464755,0.703762613494412,0.7036381287338198,0.7133561319783954,0.70287264091281,0.6987521853136366,0.7008983844491845,0.7067301055552896,0.6517572318079085,0.15192830018003153,81
41.33046805858612,1.2140388796795245,2.4877864837646486,0.0604593173470399,"(1, 3)",500,0.001,1000,1.0,"{'vectorizer__ngram_range': (1, 3), 'vectorizer__max_features': 500, 'classifier__tol': 0.001, 'classifier__max_iter': 1000, 'classifier__C': 1}",0.92214916818492,0.9218009364833004,0.9193475542200193,0.9261979694251908,0.9230428923643967,0.9286013218303607,0.9230897061208938,0.9185965603072351,0.9257493025188074,0.9247248678537682,0.9233300279308894,0.002931700191597721,31
27.30022747516632,0.5878495919941829,2.2685308933258055,0.05154310545071198,"(2, 2)",500,0.01,500,10.0,"{'vectorizer__ngram_range': (2, 2), 'vectorizer__max_features': 500, 'classifier__tol': 0.01, 'classifier__max_iter': 500, 'classifier__C': 10}",0.6726983982685916,0.6616129801322755,0.6643504107642618,0.6677001811498178,0.6696989561342255,0.6757839325218575,0.670668415486006,0.6621896697990485,0.6692986219710283,0.6712005107834909,0.6685202077010604,0.0043572735224094595,79
39.29978966712952,1.258293554702985,2.400355076789856,0.049694561893044574,"(2, 3)",1000,0.01,500,0.001,"{'vectorizer__ngram_range': (2, 3), 'vectorizer__max_features': 1000, 'classifier__tol': 0.01, 'classifier__max_iter': 500, 'classifier__C': 0.001}",0.19622104769755452,0.19622104769755452,0.19622104769755452,0.19622104769755452,0.19622104769755452,0.19622104769755452,0.19622104769755452,0.19624385828807864,0.19622104769755452,0.19622104769755452,0.19622332875660695,6.843177157234149e-06,89
29.589559149742126,0.7661804989217845,2.4030861139297484,0.037138329720922535,"(1, 2)",10000,0.0001,100,1.0,"{'vectorizer__ngram_range': (1, 2), 'vectorizer__max_features': 10000, 'classifier__tol': 0.0001, 'classifier__max_iter': 100, 'classifier__C': 1}",0.953129263567503,0.9522544480486257,0.9495390975628624,0.9529667141228738,0.9523336572248841,0.9532865176320389,0.9528791122476842,0.9505413347107651,0.951374067324215,0.9515039184857338,0.9519808130927186,0.0011675513588457623,2
29.103634476661682,0.8286018901238655,2.3456897258758547,0.044397467291666194,"(1, 2)",500,0.001,100,0.1,"{'vectorizer__ngram_range': (1, 2), 'vectorizer__max_features': 500, 'classifier__tol': 0.001, 'classifier__max_iter': 100, 'classifier__C': 0.1}",0.921256401509439,0.9199762763965821,0.9184287111415541,0.9222114065859605,0.9213089670475084,0.9267749684668377,0.9215696610417545,0.9171873483234739,0.9228751252298242,0.9228413070162288,0.9214430172759164,0.0024988636434722326,32
21.73554847240448,0.3436607589400414,2.242502450942993,0.036683503123829016,"(1, 1)",10000,0.001,100,100.0,"{'vectorizer__ngram_range': (1, 1), 'vectorizer__max_features': 10000, 'classifier__tol': 0.001, 'classifier__max_iter': 100, 'classifier__C': 100}",0.9422241415298158,0.947115285923573,0.938644950150579,0.9451533550330607,0.9416579449659205,0.9426699652609303,0.9436323629637989,0.9481255754911039,0.9417908332950975,0.9416219530125164,0.9432636367626396,0.002690509757613805,14
30.366754841804504,0.7062857552384241,2.370700645446777,0.0433267955575326,"(1, 2)",1000,0.0001,1000,100.0,"{'vectorizer__ngram_range': (1, 2), 'vectorizer__max_features': 1000, 'classifier__tol': 0.0001, 'classifier__max_iter': 1000, 'classifier__C': 100}",0.936057651242301,0.9361013299567166,0.9348068143195611,0.9375977151065061,0.9341337337747695,0.9383256012995348,0.936962395823839,0.9359875450801001,0.9376580197942045,0.9369653642664488,0.9364596170663981,0.0012400075910131171,20
40.50914463996887,1.2246714836584083,2.3998067378997803,0.03497739896521012,"(2, 3)",500,0.0001,1000,0.1,"{'vectorizer__ngram_range': (2, 3), 'vectorizer__max_features': 500, 'classifier__tol': 0.0001, 'classifier__max_iter': 1000, 'classifier__C': 0.1}",0.7277497618291054,0.7147960689955734,0.7136081568984407,0.7112913795590002,0.7168425383946722,0.7186936704006435,0.7206048219803162,0.716625767802169,0.7190536639376958,0.7152955702960048,0.7174561400093621,0.004307873282189695,71
21.72354929447174,0.3871680727472515,2.247337508201599,0.03492188054278859,"(1, 1)",10000,0.001,500,1.0,"{'vectorizer__ngram_range': (1, 1), 'vectorizer__max_features': 10000, 'classifier__tol': 0.001, 'classifier__max_iter': 500, 'classifier__C': 1}",0.9419477435993308,0.9450226196665907,0.9416213817129231,0.944689703886498,0.942260693760621,0.9477120396632454,0.9435693828405606,0.9490636164827939,0.9474888574345653,0.9408035915553307,0.944417963060246,0.0027324588441274287,10
41.732909083366394,1.4269659953844256,2.510055589675903,0.056863216691619235,"(1, 3)",500,0.001,1000,10.0,"{'vectorizer__ngram_range': (1, 3), 'vectorizer__max_features': 500, 'classifier__tol': 0.001, 'classifier__max_iter': 1000, 'classifier__C': 10}",0.9253733191110597,0.9223339179855311,0.9204101418262157,0.9245878281788928,0.9235095232426778,0.9269610685857556,0.9250510875365071,0.9241538864817661,0.923730190065014,0.9248771308982541,0.9240988093911675,0.0016963473131725673,30
28.744527649879455,0.4572831386561243,2.365625810623169,0.04333881925428944,"(1, 2)",10000,0.001,100,0.1,"{'vectorizer__ngram_range': (1, 2), 'vectorizer__max_features': 10000, 'classifier__tol': 0.001, 'classifier__max_iter': 100, 'classifier__C': 0.1}",0.9371594975938411,0.9370310401003143,0.9366242919433256,0.9416360857013383,0.9377094951675956,0.9410018584775625,0.941708220390557,0.9376172903741508,0.9386332020515255,0.9382360424865387,0.938735702428675,0.0018653689239446175,15
21.265884947776794,0.3019532199758525,2.2434492826461794,0.03727843319592997,"(1, 1)",1000,0.001,500,0.001,"{'vectorizer__ngram_range': (1, 1), 'vectorizer__max_features': 1000, 'classifier__tol': 0.001, 'classifier__max_iter': 500, 'classifier__C': 0.001}",0.8246217509276154,0.8223912454034457,0.8251300454132534,0.820982402394931,0.8277733265912928,0.8289066872596708,0.8313562006282401,0.826188966454299,0.8248714814419013,0.8228385505918728,0.8255060657106522,0.0030000417354262066,58
21.65475413799286,0.29792484288308035,2.218400168418884,0.036539072978943966,"(1, 1)",500,0.0001,500,0.01,"{'vectorizer__ngram_range': (1, 1), 'vectorizer__max_features': 500, 'classifier__tol': 0.0001, 'classifier__max_iter': 500, 'classifier__C': 0.01}",0.9078060009252452,0.9071690053964668,0.907257658442815,0.9090662321113318,0.9100477637662355,0.914156189359668,0.9121505766960526,0.9068046783998728,0.911989642566953,0.912311536096226,0.9098759283760867,0.002499594220785431,33
41.874643969535825,1.2577511402009198,2.6207798957824706,0.09346338315795989,"(1, 3)",50000,0.01,500,100.0,"{'vectorizer__ngram_range': (1, 3), 'vectorizer__max_features': 50000, 'classifier__tol': 0.01, 'classifier__max_iter': 500, 'classifier__C': 100}",0.9067522614028647,0.9035977117785136,0.9063515548917737,0.903821247725674,0.9057352296120715,0.9093868737517349,0.9122123102632562,0.9044648189527277,0.9084031432172553,0.9087949491265727,0.9069520100722445,0.002611927281180354,36
27.426872777938843,0.6055045662829819,2.3208194255828856,0.051419810704032065,"(2, 2)",50000,0.01,100,0.01,"{'vectorizer__ngram_range': (2, 2), 'vectorizer__max_features': 50000, 'classifier__tol': 0.01, 'classifier__max_iter': 100, 'classifier__C': 0.01}",0.19622104769755452,0.19622104769755452,0.19622104769755452,0.19622104769755452,0.19622104769755452,0.19622104769755452,0.19622104769755452,0.19624385828807864,0.19622104769755452,0.19622104769755452,0.19622332875660695,6.843177157234149e-06,89
42.50792093276978,1.4245285430810037,2.607882189750671,0.04995281385725072,"(1, 3)",50000,0.001,500,1.0,"{'vectorizer__ngram_range': (1, 3), 'vectorizer__max_features': 50000, 'classifier__tol': 0.001, 'classifier__max_iter': 500, 'classifier__C': 1}",0.9439922208601463,0.9437837589733785,0.9403722895811596,0.9454211053618266,0.9442193849381185,0.9454184769746976,0.9454107505470369,0.9433016673905755,0.943821001462708,0.9444864006707379,0.9440227056760385,0.0014152104740553968,11
30.251044368743898,0.5022311876502976,2.3773168563842773,0.0538840767530301,"(1, 2)",1000,0.0001,1000,1.0,"{'vectorizer__ngram_range': (1, 2), 'vectorizer__max_features': 1000, 'classifier__tol': 0.0001, 'classifier__max_iter': 1000, 'classifier__C': 1}",0.9372169132570375,0.9381996704936353,0.9348772402475946,0.9378918494968526,0.9354969334118683,0.9386844179277049,0.9375293356278002,0.9360441807450762,0.9385248480677656,0.937724989485723,0.9372190378761058,0.0012429408753761037,18
42.86857113838196,0.9322084013335088,2.628050374984741,0.0744356326344347,"(1, 3)",50000,0.001,100,1.0,"{'vectorizer__ngram_range': (1, 3), 'vectorizer__max_features': 50000, 'classifier__tol': 0.001, 'classifier__max_iter': 100, 'classifier__C': 1}",0.9439922208601463,0.9437837589733785,0.9403722895811596,0.9454211053618266,0.9442193849381185,0.9454184769746976,0.9454107505470369,0.9433016673905755,0.943821001462708,0.9444864006707379,0.9440227056760385,0.0014152104740553968,11
29.01711323261261,0.7008888173849753,2.3795028209686278,0.03306197205584297,"(1, 2)",1000,0.01,500,1.0,"{'vectorizer__ngram_range': (1, 2), 'vectorizer__max_features': 1000, 'classifier__tol': 0.01, 'classifier__max_iter': 500, 'classifier__C': 1}",0.9015943800786138,0.8988738361136527,0.9018092542879995,0.8983169685683653,0.9014622234653867,0.9040579919163295,0.9050482688436016,0.8965988123144868,0.9017984295075459,0.9028495747971835,0.9012409739893166,0.0024805048166522503,40
21.16144371032715,0.2958619028022126,2.235023760795593,0.022458648711418144,"(1, 1)",1000,0.01,500,0.1,"{'vectorizer__ngram_range': (1, 1), 'vectorizer__max_features': 1000, 'classifier__tol': 0.01, 'classifier__max_iter': 500, 'classifier__C': 0.1}",0.9025982878161889,0.8982863350534643,0.901469979484181,0.8985443067824906,0.9001444391847313,0.9036350796708134,0.9052139380331683,0.8987482086574556,0.9023848428317933,0.9021634642303349,0.9013188881744622,0.0022119633917251844,39
21.397366833686828,0.3308272617801003,2.2383327960968016,0.04209169478003581,"(1, 1)",1000,0.0001,500,0.001,"{'vectorizer__ngram_range': (1, 1), 'vectorizer__max_features': 1000, 'classifier__tol': 0.0001, 'classifier__max_iter': 500, 'classifier__C': 0.001}",0.8267534599655768,0.8240335656674797,0.8272986716717442,0.8226504005779035,0.8294309212672267,0.8308265495379152,0.8330338308779365,0.8273945795273212,0.8267322936945941,0.8246217039939258,0.8272775976781623,0.002999012437914856,57
41.51203100681305,1.0080778321582133,2.4025149583816527,0.022546149864237,"(2, 3)",500,0.0001,500,10.0,"{'vectorizer__ngram_range': (2, 3), 'vectorizer__max_features': 500, 'classifier__tol': 0.0001, 'classifier__max_iter': 500, 'classifier__C': 10}",0.7313753868993803,0.7176947816774505,0.7181361286505007,0.7156200717436545,0.7195175221227533,0.7219904941436037,0.7229392567258813,0.7198305904716168,0.7225427125905212,0.7195383762330705,0.7209185321258433,0.0041045767047072634,68
42.77222180366516,1.170624460073546,2.524841833114624,0.06855345427931471,"(1, 3)",1000,0.0001,1000,10.0,"{'vectorizer__ngram_range': (1, 3), 'vectorizer__max_features': 1000, 'classifier__tol': 0.0001, 'classifier__max_iter': 1000, 'classifier__C': 10}",0.9365804792690198,0.9363135090385791,0.9348557449708021,0.937114703203584,0.9339585702074004,0.9388905766445648,0.9373259513423354,0.9348508441795262,0.9375679608689701,0.9374865921309183,0.93649449318557,0.0014426338497942565,19
27.521115350723267,0.45475992951291283,2.281156826019287,0.043579483028443916,"(2, 2)",500,0.01,1000,0.001,"{'vectorizer__ngram_range': (2, 2), 'vectorizer__max_features': 500, 'classifier__tol': 0.01, 'classifier__max_iter': 1000, 'classifier__C': 0.001}",0.19622104769755452,0.19622104769755452,0.19622104769755452,0.19622104769755452,0.19622104769755452,0.19622104769755452,0.19622104769755452,0.19624385828807864,0.19622104769755452,0.19622104769755452,0.19622332875660695,6.843177157234149e-06,89
21.589086389541627,0.30278437371476846,2.2091612577438355,0.020833046264239822,"(1, 1)",500,0.0001,1000,0.1,"{'vectorizer__ngram_range': (1, 1), 'vectorizer__max_features': 500, 'classifier__tol': 0.0001, 'classifier__max_iter': 1000, 'classifier__C': 0.1}",0.9259639875915201,0.9240463075818063,0.9220823572099698,0.9261850193761013,0.9250942272652926,0.9290361865303397,0.9254135619535463,0.9220288979419151,0.9268524345792487,0.9276719666170855,0.9254374946646825,0.002138007875294945,28
24.650595116615296,0.6369673221498758,2.259221386909485,0.039869983375586344,"(1, 1)",50000,0.0001,500,10.0,"{'vectorizer__ngram_range': (1, 1), 'vectorizer__max_features': 50000, 'classifier__tol': 0.0001, 'classifier__max_iter': 500, 'classifier__C': 10}",0.9515747310673475,0.9479917900743838,0.9455030794894347,0.9523487033431738,0.9468672832053371,0.9517247277402946,0.9489593962904403,0.9492144150818808,0.9505150697823516,0.948910391098261,0.9493609587172905,0.002100209355740339,5
29.880362701416015,0.5008136203342461,2.391749405860901,0.03983405729189727,"(1, 2)",1000,0.001,100,1.0,"{'vectorizer__ngram_range': (1, 2), 'vectorizer__max_features': 1000, 'classifier__tol': 0.001, 'classifier__max_iter': 100, 'classifier__C': 1}",0.9333615010499106,0.9341939060747206,0.9319177319026313,0.935834527648682,0.9351748871214927,0.9334050455847401,0.9346374311897397,0.9343535636354258,0.9361958766217414,0.9364673266284737,0.9345541797457558,0.0013509512127400623,21
29.61474964618683,0.4474178422046542,2.3661171436309814,0.026322668656296844,"(1, 2)",500,0.0001,1000,0.01,"{'vectorizer__ngram_range': (1, 2), 'vectorizer__max_features': 500, 'classifier__tol': 0.0001, 'classifier__max_iter': 1000, 'classifier__C': 0.01}",0.9063976816392483,0.9056875080303607,0.906662475823938,0.9071565140146886,0.9064811842763714,0.9123484720033422,0.9100955782222272,0.904192706081349,0.9111190086372081,0.911023975587015,0.9081165104315749,0.002631640633248798,35
42.36629161834717,1.364982628566183,2.51172993183136,0.05595832820326443,"(1, 3)",1000,0.001,500,1.0,"{'vectorizer__ngram_range': (1, 3), 'vectorizer__max_features': 1000, 'classifier__tol': 0.001, 'classifier__max_iter': 500, 'classifier__C': 1}",0.9333000944684687,0.9338964110408948,0.9316627806160772,0.9374616311582789,0.9335201562902798,0.9335429301916552,0.9347496342220727,0.9342921512127188,0.9362689716455033,0.936594776832202,0.9345289537678152,0.0016767745225788025,22
40.63793909549713,1.0571042335809762,2.415669822692871,0.024439995047342334,"(2, 3)",1000,0.0001,500,0.1,"{'vectorizer__ngram_range': (2, 3), 'vectorizer__max_features': 1000, 'classifier__tol': 0.0001, 'classifier__max_iter': 500, 'classifier__C': 0.1}",0.773659070509889,0.7633400390242248,0.7650712814144107,0.7579732083068328,0.76498883542305,0.7722878079267956,0.7695153722121836,0.7648973645353058,0.7633285855634125,0.7670993256057589,0.7662160890521864,0.004393623934108374,63
31.778376722335814,0.6287574501644867,2.449430537223816,0.04136738609151418,"(1, 2)",50000,0.0001,100,1.0,"{'vectorizer__ngram_range': (1, 2), 'vectorizer__max_features': 50000, 'classifier__tol': 0.0001, 'classifier__max_iter': 100, 'classifier__C': 1}",0.9550082427371741,0.9534161801801938,0.9501545909682271,0.9541666464200306,0.9522199172991236,0.9553149273889031,0.954677624682552,0.9516405575200021,0.9528719090649913,0.9529024531086502,0.953237304936985,0.0015413102829010354,1
